일자,종가,대비,등락률,시가,고가,저가,거래량,거래대금,시가총액,상장주식수
2021/07/16,61000,4000,7.02,57000,66700,56900,18438286,1131295199000,6299552533000,103271353
2021/07/19,59100,-1900,-3.11,63700,64800,59100,6549493,402183907400,6103336962300,103271353
2021/07/20,58400,-700,-1.18,59300,60200,57100,3464134,202952493700,6031047015200,103271353
2021/07/21,57800,-600,-1.03,59500,59700,57600,1922552,112537994700,5969084203400,103271353
2021/07/22,55000,-2800,-4.84,58000,58200,54900,2468489,137924747700,5679924415000,103271353
2021/07/23,57000,2000,3.64,55700,57200,55200,2080670,117003920400,5886467121000,103271353
2021/07/26,58900,1900,3.33,57500,60200,57300,2544895,150046378100,6082682691700,103271353
2021/07/27,58000,-900,-1.53,58900,59000,57300,1132791,65615122200,5989738474000,103271353
2021/07/28,56400,-1600,-2.76,58000,58700,55900,1257765,71650500200,5824504309200,103271353
2021/07/29,55800,-600,-1.06,56300,57100,55400,891907,49998788500,5762541497400,103271353
2021/07/30,56400,600,1.08,55700,56700,54900,927191,51540309800,5824504309200,103271353
2021/08/02,55600,-800,-1.42,56800,57300,55100,802171,44916411400,5741887226800,103271353
2021/08/03,58300,2700,4.86,56200,58300,55400,1837231,105159274900,6020719879900,103271353
2021/08/04,58200,-100,-0.17,58000,58800,57300,987463,57243689100,6010392744600,103271353
2021/08/05,58800,600,1.03,58400,59500,58200,1194360,70290321700,6072355556400,103271353
2021/08/06,57900,-900,-1.53,58900,59000,57600,787883,45789162900,5979411338700,103271353
2021/08/09,58300,400,0.69,58200,58600,57200,814858,47080446000,6020719879900,103271353
2021/08/10,61800,3500,6.00,58600,64400,58100,5768044,353923608900,6382169615400,103271353
2021/08/11,64100,2300,3.72,65900,68900,63300,8553666,564766174200,6619693727300,103271353
2021/08/12,61200,-2900,-4.52,63600,64400,60400,3023473,186631609700,6320206803600,103271353
2021/08/13,59000,-2200,-3.59,61500,61500,58100,2457781,145959140200,6093009827000,103271353
2021/08/17,56000,-3000,-5.08,58000,59500,55800,2200438,124835325200,5783195768000,103271353
2021/08/18,56200,200,0.36,56000,57700,56000,1691499,95999556300,5803850038600,103271353
2021/08/19,55500,-700,-1.25,56500,58000,55400,1780424,100858528800,5731560091500,103271353
2021/08/20,52600,-2900,-5.23,56400,56500,52000,1798054,96574306700,5432073167800,103271353
2021/08/23,50800,-1800,-3.42,53100,53300,50200,1096912,56340184500,5246184732400,103271353
2021/08/24,52400,1600,3.15,51200,52800,50700,1879344,97212286300,5411418897200,103271353
2021/08/25,51100,-1300,-2.48,52100,52200,50800,838976,43007195100,5277166138300,103271353
2021/08/26,51200,100,0.20,51500,52100,51000,775821,39894741800,5287493273600,103271353
2021/08/27,52800,1600,3.13,51200,53400,50700,1353914,71032097300,5452727438400,103271353
2021/08/30,50700,-2100,-3.98,52800,52900,50500,1061156,54387442500,5235857597100,103271353
2021/08/31,49000,-1700,-3.35,50700,50900,48650,1453218,71450290800,5060296297000,103271353
2021/09/01,49100,100,0.20,49350,49900,48850,833209,40986056150,5070623432300,103271353
2021/09/02,46850,-2250,-4.58,49300,49300,46800,1555998,73887415200,4838262888050,103271353
2021/09/03,47150,300,0.64,46750,48450,45550,1625711,76173124450,4869244293950,103271353
2021/09/06,45950,-1200,-2.55,47200,47350,45950,669914,31043423050,4745318670350,103271353
2021/09/07,45750,-200,-0.44,46200,46350,45650,633981,29102708600,4724664399750,103271353
2021/09/08,42700,-3050,-6.67,45750,45750,42500,1730405,75757902950,4409686773100,103271353
2021/09/09,41850,-850,-1.99,42700,43400,41100,1157568,48730835900,4321906123050,103271353
2021/09/10,40950,-900,-2.15,42000,42500,40400,1244395,51869203150,4228961905350,103271353
2021/09/13,42800,1850,4.52,42950,47150,42550,4298591,192087142450,4420013908400,103271353
2021/09/14,44600,1800,4.21,42900,46750,42900,2570810,115421855250,4605902343800,103271353
2021/09/15,47900,3300,7.40,45500,48450,45200,2387687,112170437400,4946697808700,103271353
2021/09/16,47100,-800,-1.67,48800,49100,46650,1243170,59127538700,4864080726300,103271353
2021/09/17,48250,1150,2.44,47150,48700,46450,957692,45924834800,4982842782250,103271353
2021/09/23,49900,1650,3.42,48100,50600,47750,1499802,74371643950,5153240514700,103271353
2021/09/24,49350,-550,-1.10,50400,50400,48250,901914,44338033100,5096441270550,103271353
2021/09/27,47600,-1750,-3.55,49400,49450,47250,632311,30447321750,4915716402800,103271353
2021/09/28,46700,-900,-1.89,47300,48000,46700,614506,29049829950,4822772185100,103271353
2021/09/29,45050,-1650,-3.53,45200,45800,44650,602999,27230106150,4652374452650,103271353
2021/09/30,45150,100,0.22,45350,46750,45000,535177,24459364000,4662701587950,103271353
2021/10/01,44250,-900,-1.99,44750,46650,43700,805503,36224750000,4569757370250,103271353
2021/10/05,44850,600,1.36,44250,46500,44250,831004,37563049650,4631720182050,103271353
2021/10/06,42250,-2600,-5.80,45050,45200,42200,586378,25454645050,4363214664250,103271353
2021/10/07,43400,1150,2.72,42450,43850,42450,282850,12212633900,4481976720200,103271353
2021/10/08,43700,300,0.69,43950,44550,43300,304061,13344706500,4512958126100,103271353
2021/10/12,43500,-200,-0.46,43400,44200,42000,289849,12441976100,4492303855500,103271353
2021/10/13,44500,1000,2.30,43500,45000,43400,362972,16063140350,4595575208500,103271353
2021/10/14,45700,1200,2.70,44800,45750,44300,307927,13940991900,4719500832100,103271353
2021/10/15,46250,550,1.20,46050,46900,45850,355219,16481787550,4776300076250,103271353
2021/10/18,45900,-350,-0.76,46550,46850,45500,531564,24554235350,4740155102700,103271353
2021/10/19,46400,500,1.09,46000,46800,45950,317182,14722982450,4791790779200,103271353
2021/10/20,46450,50,0.11,46600,47200,46450,249524,11660940950,4796954346850,103271353
2021/10/21,45800,-650,-1.40,46600,46750,45800,230167,10617397750,4729827967400,103271353
2021/10/22,47000,1200,2.62,46100,48000,45600,571772,26765422400,4853753591000,103271353
2021/10/25,45450,-1550,-3.30,47200,47250,45450,357414,16461922150,4693682993850,103271353
2021/10/26,45600,150,0.33,45600,46100,45250,194350,8868975600,4709173696800,103271353
2021/10/27,45650,50,0.11,45700,46050,45300,186693,8517736950,4714337264450,103271353
2021/10/28,46150,500,1.10,45900,46600,45700,305083,14080046000,4765972940950,103271353
2021/10/29,45800,-350,-0.76,46300,46550,45700,259146,11904928500,4729827967400,103271353
2021/11/01,47300,1500,3.28,46050,48550,46050,850407,40325544700,4884734996900,103271353
2021/11/02,47850,550,1.16,47700,48050,47000,369011,17568040700,4941534241050,103271353
2021/11/03,49850,2000,4.18,48350,49950,47950,1056060,51945040950,5148076947050,103271353
2021/11/04,48650,-1200,-2.41,49850,49900,48100,551080,26912235550,5024151323450,103271353
2021/11/05,48700,50,0.10,48900,49400,47400,416541,20082575650,5029314891100,103271353
2021/11/08,46000,-2700,-5.54,47400,48450,46000,485130,22535798350,4750482238000,103271353
2021/11/09,47150,1150,2.50,46050,47350,45350,439819,20419161150,4869244293950,103271353
2021/11/10,46050,-1100,-2.33,46900,47650,42600,450735,20983340700,4755645805650,103271353
2021/11/11,44400,-1650,-3.58,46300,46850,43700,902333,40436387500,4585248073200,103271353
2021/11/12,49650,5250,11.82,48000,52400,47950,4378070,220570823850,5127422676450,103271353
2021/11/15,51600,1950,3.93,50300,51900,50000,1296787,66388309400,5328801814800,103271353
2021/11/16,53300,1700,3.29,51900,53400,51600,1281280,67590285700,5504363114900,103271353
2021/11/17,53600,300,0.56,53700,54000,52600,792399,42413019600,5535344520800,103271353
2021/11/18,53300,-300,-0.56,53800,54100,52500,543013,29011638300,5504363114900,103271353
2021/11/19,53700,400,0.75,53300,53800,51400,605033,32108620200,5545671656100,103271353
2021/11/22,51000,-2700,-5.03,54000,54200,50200,961021,49810018900,5266839003000,103271353
2021/11/23,51100,100,0.20,50300,51600,49500,469392,23904893250,5277166138300,103271353
2021/11/24,51600,500,0.98,52200,54800,51600,1497611,79798570500,5328801814800,103271353
2021/11/25,53000,1400,2.71,52100,53400,51000,700418,36913868500,5473381709000,103271353
2021/11/26,58000,5000,9.43,53700,58900,52500,4121987,230837902600,5989738474000,103271353
2021/11/29,57300,-700,-1.21,61000,62700,55600,4357046,256206476500,5917448526900,103271353
2021/11/30,58400,1100,1.92,56000,60800,52800,7086085,406716009800,6031047015200,103271353
2021/12/01,53000,-5400,-9.25,57700,58500,52900,1975565,109816578700,5473381709000,103271353
2021/12/02,51800,-1200,-2.26,55000,55900,51300,1693310,90118729400,5349456085400,103271353
2021/12/03,51200,-600,-1.16,51700,52200,49950,890217,45377147200,5287493273600,103271353
2021/12/06,52000,800,1.56,51200,53800,51000,1049585,55024888100,5370110356000,103271353
2021/12/07,52100,100,0.19,51100,52200,50500,546947,28053580000,5380437491300,103271353
2021/12/08,53900,1800,3.45,52600,54400,52100,953669,50912309200,5566325926700,103271353
2021/12/09,53400,-500,-0.93,53500,53800,52600,415851,22144571500,5514690250200,103271353
2021/12/10,53000,-400,-0.75,54200,54900,53000,769309,41301679500,5473381709000,103271353
2021/12/13,54600,1600,3.02,53400,55300,53200,875889,47783851700,5638615873800,103271353
2021/12/14,55100,500,0.92,55500,56000,54400,576765,31701370900,5690251550300,103271353
2021/12/15,56000,900,1.63,55200,56400,54800,711323,39646616700,5783195768000,103271353
2021/12/16,56700,700,1.25,56100,57500,55700,829855,47162959100,5855485715100,103271353
2021/12/17,56300,-400,-0.71,57000,57300,55400,489796,27616526800,5814177173900,103271353
2021/12/20,56900,600,1.07,56300,57300,56000,407023,23070323500,5876139985700,103271353
2021/12/21,56600,-300,-0.53,57400,58000,56300,531177,30307729000,5845158579800,103271353
2021/12/22,56700,100,0.18,57200,57300,55700,404427,22881231200,5855485715100,103271353
2021/12/23,54400,-2300,-4.06,55800,56500,54000,755878,41578208100,5617961603200,103271353
2021/12/24,54000,-400,-0.74,54400,55200,52800,534060,28918274000,5576653062000,103271353
2021/12/27,55100,1100,2.04,56900,57600,55100,1011631,57138236300,5690251550300,103271353
2021/12/28,53600,-1500,-2.72,55400,56300,53400,693283,37765419400,5535344520800,103271353
2021/12/29,54500,900,1.68,53800,54900,53700,311256,16883105100,5628288738500,103271353
2021/12/30,55900,1400,2.57,54900,56300,54600,548771,30501163800,5772868632700,103271353
2022/01/03,54400,-1500,-2.68,55200,55200,53300,476968,25866992200,5617961603200,103271353
2022/01/04,56300,1900,3.49,55200,56500,55000,639469,35778241500,5814177173900,103271353
2022/01/05,56900,600,1.07,55900,57500,55000,618991,34909790000,5876139985700,103271353
2022/01/06,56600,-300,-0.53,56000,57400,55600,412980,23367153400,5845158579800,103271353
2022/01/07,57000,400,0.71,57100,58200,56600,622213,35721933300,5886467121000,103271353
2022/01/10,55700,-1300,-2.28,57400,57800,55700,454280,25737379500,5752214362100,103271353
2022/01/11,56000,300,0.54,55300,57100,54700,596247,33427820200,5783195768000,103271353
2022/01/12,54600,-1400,-2.50,55500,56100,54500,436417,24004182100,5638615873800,103271353
2022/01/13,50900,-3700,-6.78,54500,54600,50500,768083,39732381100,5256511867700,103271353
2022/01/14,48400,-2500,-4.91,49900,50600,48150,570352,27992472050,4998333485200,103271353
2022/01/17,49750,1350,2.79,49050,49900,48200,455144,22351939550,5137749811750,103271353
2022/01/18,52400,2650,5.33,49800,52500,49800,531896,27507040100,5411418897200,103271353
2022/01/19,51400,-1000,-1.91,52100,53400,51200,267651,13916444000,5308147544200,103271353
2022/01/20,53400,2000,3.89,51900,53400,51400,314012,16567357700,5514690250200,103271353
2022/01/21,55000,1600,3.00,53400,55100,53400,492751,26826941300,5679924415000,103271353
2022/01/24,55700,700,1.27,56600,56700,54800,760146,42301941400,5752214362100,103271353
2022/01/25,55200,-500,-0.90,56400,56800,53500,967041,53191529300,5700578685600,103271353
2022/01/26,56900,1700,3.08,56000,58100,55500,1895789,107726915700,5876139985700,103271353
2022/01/27,55000,-1900,-3.34,58500,59000,54200,1261755,71727619200,5679924415000,103271353
2022/01/28,60500,5500,10.00,56500,61000,56000,5558775,330973734700,6247916856500,103271353
2022/02/03,78600,18100,29.92,66000,78600,64400,13076151,957485312200,8117128345800,103271353
2022/02/04,67800,-10800,-13.74,80500,81000,66300,14023994,1058399979008,7001797733400,103271353
2022/02/07,70200,2400,3.54,70700,72600,66800,7308807,513081878600,7249648980600,103271353
2022/02/08,65600,-4600,-6.55,69300,69800,63100,5851753,386342893600,6774600756800,103271353
2022/02/09,62700,-2900,-4.42,65300,68700,61900,3735428,244377274100,6475113833100,103271353
2022/02/10,62700,0,0.00,62000,65900,61100,4404427,280285489500,6475113833100,103271353
2022/02/11,60000,-2700,-4.31,64600,65600,59700,3467112,217555238400,6196281180000,103271353
2022/02/14,59800,-200,-0.33,60600,62100,59000,2075647,125509714900,6175626909400,103271353
2022/02/15,55000,-4800,-8.03,60000,60300,54800,2005812,113821333400,5679924415000,103271353
2022/02/16,56600,1600,2.91,56800,58700,55600,2609131,148375325900,5845158579800,103271353
2022/02/17,54000,-2600,-4.59,57200,57400,51500,2297302,126394233800,5576653062000,103271353
2022/02/18,54300,300,0.56,53200,54700,52500,1635042,87497720000,5607634467900,103271353
2022/02/21,53000,-1300,-2.39,53500,54900,52300,947413,50888072500,5473381709000,103271353
2022/02/22,51700,-1300,-2.45,51600,53400,51300,1125357,58583294100,5339128950100,103271353
2022/02/23,53400,1700,3.29,52800,54000,52500,1061828,56417450400,5514690250200,103271353
2022/02/24,53900,500,0.94,52700,56400,52300,2563970,139782829000,5566325926700,103271353
2022/02/25,53000,-900,-1.67,55300,55500,53000,1172819,63410947600,5473381709000,103271353
2022/02/28,54600,1600,3.02,53200,54600,52400,992645,53096055900,5638615873800,103271353
2022/03/02,54800,200,0.37,54400,55300,54000,625361,34237433100,5659270144400,103271353
2022/03/03,55200,400,0.73,55000,55400,54200,545224,29954899000,5700578685600,103271353
2022/03/04,55700,500,0.91,55300,56900,54800,1075407,60053099000,5752214362100,103271353
2022/03/07,53600,-2100,-3.77,55500,56000,53600,504179,27663473700,5535344520800,103271353
2022/03/08,54200,600,1.12,52600,55600,52500,605355,33013959800,5597307332600,103271353
2022/03/10,55900,1700,3.14,54900,56400,54400,625908,34737024300,5772868632700,103271353
2022/03/11,53900,-2000,-3.58,55900,56800,53800,673370,37164786000,5566325926700,103271353
2022/03/14,54300,400,0.74,53900,55400,53600,506138,27526568300,5607634467900,103271353
2022/03/15,57500,3200,5.89,55200,58000,54700,1340883,76276516900,5938102797500,103271353
2022/03/16,58400,900,1.57,57800,59700,56400,1171221,68379921600,6031047015200,103271353
2022/03/17,58100,-300,-0.51,58800,59300,58000,705961,41368332100,6000065609300,103271353
2022/03/18,58700,600,1.03,58500,60000,58100,1828325,107819763600,6062028421100,103271353
2022/03/21,55800,-2900,-4.94,58300,58400,55300,745468,41883975800,5762541497400,103271353
2022/03/22,56800,1000,1.79,56400,57200,55800,427988,24210378700,5865812850400,103271353
2022/03/23,56700,-100,-0.18,56800,58000,56600,395321,22602033900,5855485715100,103271353
2022/03/24,57500,800,1.41,56500,58100,56400,454285,26141880900,5938102797500,103271353
2022/03/25,58500,1000,1.74,58100,59200,57400,502164,29376978700,6041374150500,103271353
2022/03/28,56400,-2100,-3.59,58600,58800,56300,374262,21391222000,5824504309200,103271353
2022/03/29,56300,-100,-0.18,56800,57500,56300,247000,14026805900,5814177173900,103271353
2022/03/30,57700,1400,2.49,56600,58900,56600,541134,31328832000,5958757068100,103271353
2022/03/31,55800,-1900,-3.29,57800,58200,55700,426766,24071359800,5762541497400,103271353
2022/04/01,54800,-1000,-1.79,55800,56200,54200,327656,17982314300,5659270144400,103271353
2022/04/04,55000,200,0.36,54800,55700,54000,244714,13472415000,5679924415000,103271353
2022/04/05,55700,700,1.27,55000,55800,54900,181609,10053048200,5752214362100,103271353
2022/04/06,55400,-300,-0.54,55600,55900,54800,167221,9242119900,5721232956200,103271353
2022/04/07,54200,-1200,-2.17,55100,55200,54200,176372,9636921000,5597307332600,103271353
2022/04/08,53300,-900,-1.66,54800,55900,52800,266623,14450515300,5504363114900,103271353
2022/04/11,50800,-2500,-4.69,52600,53000,49700,509122,25805979050,5246184732400,103271353
2022/04/12,52300,1500,2.95,50800,52800,50700,354577,18473983100,5401091761900,103271353
2022/04/13,51600,-700,-1.34,51300,52400,51300,192254,9962391900,5328801814800,103271353
2022/04/14,50900,-700,-1.36,51800,51900,50400,173465,8835487600,5256511867700,103271353
2022/04/15,48500,-2400,-4.72,50300,50500,48300,389574,19065247200,5008660620500,103271353
2022/04/18,48200,-300,-0.62,48450,48950,47000,237240,11416271850,4977679214600,103271353
2022/04/19,48800,600,1.24,48250,49450,48250,165718,8119572300,5039642026400,103271353
2022/04/20,49100,300,0.61,49300,50600,49000,249920,12429937450,5070623432300,103271353
2022/04/21,48100,-1000,-2.04,49600,49600,47800,214150,10367598250,4967352079300,103271353
2022/04/22,48450,350,0.73,48000,48600,47950,110503,5340103950,5003497052850,103271353
2022/04/25,46100,-2350,-4.85,47900,47950,46100,279007,12982897250,4760809373300,103271353
2022/04/26,46050,-50,-0.11,46400,47200,45750,228515,10611129750,4755645805650,103271353
2022/04/27,45100,-950,-2.06,44700,46000,44550,151401,6852529750,4657538020300,103271353
2022/04/28,45150,50,0.11,45650,45850,44700,121635,5484386850,4662701587950,103271353
2022/04/29,45600,450,1.00,45000,45900,45000,118747,5410250450,4709173696800,103271353
2022/05/02,46600,1000,2.19,45250,46650,45100,123361,5700464500,4812445049800,103271353
2022/05/03,46650,50,0.11,46900,47300,46300,115045,5381257950,4817608617450,103271353
2022/05/04,46600,-50,-0.11,46900,47500,46550,82247,3862989050,4812445049800,103271353
2022/05/06,45850,-750,-1.61,45700,46600,45700,87834,4051003150,4734991535050,103271353
2022/05/09,45850,0,0.00,46050,47400,45700,120423,5592221150,4734991535050,103271353
2022/05/10,46200,350,0.76,44650,46500,44200,195451,8852076700,4771136508600,103271353
2022/05/11,47000,800,1.73,45700,48350,45700,257550,12248462450,4853753591000,103271353
2022/05/12,47500,500,1.06,46550,51100,46550,614159,29978640050,4905389267500,103271353
2022/05/13,47500,0,0.00,47850,48800,46700,303398,14447429300,4905389267500,103271353
2022/05/16,46550,-950,-2.00,48300,48700,46550,274408,13008572700,4807281482150,103271353
2022/05/17,47500,950,2.04,46800,48850,46800,432261,20685998600,4905389267500,103271353
2022/05/18,48000,500,1.05,47950,48250,46800,299112,14241078800,4957024944000,103271353
2022/05/19,47750,-250,-0.52,47100,48550,46950,197040,9420633600,4931207105750,103271353
2022/05/20,48200,450,0.94,47800,48300,47550,206705,9933791600,4977679214600,103271353
2022/05/23,48300,100,0.21,48450,48700,47650,184717,8912812000,4988006349900,103271353
2022/05/24,47800,-500,-1.04,48300,48550,47250,276763,13228793600,4936370673400,103271353
2022/05/25,47900,100,0.21,48100,48550,47400,237883,11429728200,4946697808700,103271353
2022/05/26,47750,-150,-0.31,47800,48650,47300,149603,7179188500,4931207105750,103271353
2022/05/27,48300,550,1.15,48000,48800,47900,177165,8582414350,4988006349900,103271353
2022/05/30,48450,150,0.31,48700,48900,48300,128577,6253542900,5003497052850,103271353
2022/05/31,50000,1550,3.20,48550,50000,47800,336507,16519850200,5163567650000,103271353
2022/06/02,48900,-1100,-2.20,49800,49850,48500,183699,9020117850,5049969161700,103271353
2022/06/03,49400,500,1.02,48950,49600,48950,162819,8036155150,5101604838200,103271353
2022/06/07,46500,-2900,-5.87,49200,49300,46500,287551,13658019000,4802117914500,103271353
2022/06/08,46850,350,0.75,46700,47400,46250,144179,6744485300,4838262888050,103271353
2022/06/09,45950,-900,-1.92,46400,47800,45800,1094012,50575924200,4745318670350,103271353
2022/06/10,43300,-2650,-5.77,45500,45700,43050,707518,31284651650,4471649584900,103271353
2022/06/13,39800,-3500,-8.08,42200,42400,39650,702018,28547877200,4110199849400,103271353
2022/06/14,38400,-1400,-3.52,38350,39400,37900,454358,17496806250,3965619955200,103271353
2022/06/15,37600,-800,-2.08,37900,38850,37600,359632,13707417500,3883002872800,103271353
2022/06/16,36600,-1000,-2.66,37900,38600,36500,297878,11171467200,3779731519800,103271353
2022/06/17,38350,1750,4.78,35700,38350,35600,452408,17042517200,3960456387550,103271353
2022/06/20,37350,-1000,-2.61,38150,38450,36750,219921,8238220950,3857185034550,103271353
2022/06/21,37750,400,1.07,37650,38200,37300,176910,6682378200,3898493575750,103271353
2022/06/22,36200,-1550,-4.11,37800,38250,36200,232029,8640154050,3738422978600,103271353
2022/06/23,36250,50,0.14,36000,37650,36000,276073,10105954050,3743586546250,103271353
2022/06/24,39100,2850,7.86,36100,39250,36100,271985,10401859300,4037909902300,103271353
2022/06/27,39650,550,1.41,39300,40350,38500,214111,8500927100,4094709146450,103271353
2022/06/28,40250,600,1.51,40450,40800,39750,263482,10607707900,4156671958250,103271353
2022/06/29,38350,-1900,-4.72,39200,40000,38350,348830,13558187800,3960456387550,103271353
2022/06/30,38850,500,1.30,38650,39800,38500,261313,10235830100,4012092064050,103271353
2022/07/01,37900,-950,-2.45,39250,39950,37500,230992,8853047650,3913984278700,103271353
2022/07/04,40350,2450,6.46,38500,40700,38500,409420,16386612450,4166999093550,103271353
2022/07/05,42850,2500,6.20,40600,43950,40500,697602,29783969450,4425177476050,103271353
2022/07/06,43300,450,1.05,43000,44450,42750,499091,21743863000,4471649584900,103271353
2022/07/07,44200,900,2.08,43750,46300,43400,1053690,47369118950,4564593802600,103271353
2022/07/08,43900,-300,-0.68,47550,48500,43800,1695360,78189764200,4533612396700,103271353
2022/07/11,48350,4450,10.14,44900,50000,44400,3032886,146596758200,4993169917550,103271353
2022/07/12,48400,50,0.10,48950,49600,46600,1172969,56705804150,4998333485200,103271353
2022/07/13,47300,-1100,-2.27,49500,49750,46550,1124463,54109164750,4884734996900,103271353
2022/07/14,47900,600,1.27,46800,48100,46400,666703,31711447700,4946697808700,103271353
2022/07/15,47000,-900,-1.88,47650,48350,46850,511875,24319470650,4853753591000,103271353
2022/07/18,47000,0,0.00,47250,47500,46500,540640,25450616000,4853753591000,103271353
2022/07/19,46900,-100,-0.21,47950,48700,46650,839232,40094864250,4843426455700,103271353
2022/07/20,47250,350,0.75,47350,48000,46600,761472,36031954100,4879571429250,103271353
2022/07/21,44500,-2750,-5.82,47250,47300,44500,756109,34209413350,4595575208500,103271353
2022/07/22,43900,-600,-1.35,44650,45150,43750,429310,19000539000,4533612396700,103271353
2022/07/25,43500,-400,-0.91,43950,44500,43300,262899,11501707050,4492303855500,103271353
2022/07/26,43150,-350,-0.80,44000,44350,42500,399447,17287466500,4456158881950,103271353
2022/07/27,42100,-1050,-2.43,43150,43500,41900,407515,17271509500,4347723961300,103271353
2022/07/28,41050,-1050,-2.49,42300,42350,40900,441155,18257328800,4239289040650,103271353
2022/07/29,40300,-750,-1.83,41100,41350,39750,531301,21414554250,4161835525900,103271353
2022/08/01,39700,-600,-1.49,40300,40400,39700,237961,9507647250,4099872714100,103271353
2022/08/02,39400,-300,-0.76,40000,40000,38950,472736,18613281250,4068891308200,103271353
2022/08/03,39400,0,0.00,39250,39850,39150,356295,14052867500,4068891308200,103271353
2022/08/04,39000,-400,-1.02,39750,40150,39000,480320,18950577400,4027582767000,103271353
2022/08/05,40250,1250,3.21,39050,40600,39050,605501,24283312000,4156671958250,103271353
2022/08/08,39200,-1050,-2.61,40350,40600,39200,536331,21244327700,4048237037600,103271353
2022/08/09,39850,650,1.66,39500,40200,39300,451474,17966763250,4115363417050,103271353
2022/08/10,39050,-800,-2.01,39950,40500,39000,477582,18853973050,4032746334650,103271353
2022/08/11,38600,-450,-1.15,39550,39550,38500,464876,18072839300,3986274225800,103271353
2022/08/12,38650,50,0.13,38800,39150,38250,381512,14769253450,3991437793450,103271353
2022/08/16,38600,-50,-0.13,38800,38950,37850,301308,11586150300,3986274225800,103271353
2022/08/17,38000,-600,-1.55,38850,39100,37950,319784,12246548150,3924311414000,103271353
2022/08/18,37350,-650,-1.71,37550,38500,36750,497622,18613037250,3857185034550,103271353
2022/08/19,36600,-750,-2.01,37350,37450,36600,361215,13290118200,3779731519800,103271353
2022/08/22,36050,-550,-1.50,36300,36750,35800,280551,10139608050,3722932275650,103271353
2022/08/23,34950,-1100,-3.05,35450,36000,34950,370539,13101695800,3609333787350,103271353
2022/08/24,34800,-150,-0.43,34950,35500,34150,371841,12860428350,3593843084400,103271353
2022/08/25,35250,450,1.29,34800,35500,34400,218755,7696301100,3640315193250,103271353
2022/08/26,34850,-400,-1.13,35250,35900,34750,265548,9367550550,3599006652050,103271353
2022/08/29,33900,-950,-2.73,33400,34300,33400,237736,8074862350,3500898866700,103271353
2022/08/30,34350,450,1.33,33950,34700,33950,160731,5518966800,3547370975550,103271353
2022/08/31,35150,800,2.33,34050,35350,33800,396563,13815136300,3629988057950,103271353
2022/09/01,33350,-1800,-5.12,35000,35000,33300,436020,14771197650,3444099622550,103271353
2022/09/02,33200,-150,-0.45,33550,34000,33150,316719,10590141444,3428608919600,103271353
2022/09/05,32350,-850,-2.56,33050,33300,32100,332777,10818260250,3340828269550,103271353
2022/09/06,32150,-200,-0.62,32400,32700,31700,319439,10251250050,3320173998950,103271353
2022/09/07,31500,-650,-2.02,32000,32300,31150,314935,9940288300,3253047619500,103271353
2022/09/08,31800,300,0.95,31750,32100,31350,268938,8540630950,3284029025400,103271353
2022/09/13,32500,700,2.20,32300,32750,32050,284183,9231283000,3356318972500,103271353
2022/09/14,32450,-50,-0.15,31500,32900,31450,329972,10676056800,3351155404850,103271353
2022/09/15,31350,-1100,-3.39,32500,32600,31250,318579,10113447100,3237556916550,103271353
2022/09/16,31200,-150,-0.48,31100,31650,30800,265987,8297559150,3222066213600,103271353
2022/09/19,30400,-800,-2.56,31050,31350,30250,355389,10851392050,3139449131200,103271353
2022/09/20,29950,-450,-1.48,30300,30950,29950,250746,7574705050,3092977022350,103271353
2022/09/21,29600,-350,-1.17,29550,30050,29250,294215,8694808450,3056832048800,103271353
2022/09/22,29050,-550,-1.86,29100,29250,28700,244680,7081013500,3000032804650,103271353
2022/09/23,27900,-1150,-3.96,28800,28850,27850,313695,8825888350,2881270748700,103271353
2022/09/26,26700,-1200,-4.30,27450,27850,26550,333405,9034755800,2757345125100,103271353
2022/09/27,27100,400,1.50,26200,27550,26200,308199,8323448400,2798653666300,103271353
2022/09/28,26500,-600,-2.21,26750,27600,25950,275600,7339231700,2736690854500,103271353
2022/09/29,27150,650,2.45,27100,28150,26950,313976,8634916150,2803817233950,103271353
2022/09/30,26600,-550,-2.03,26700,27400,26600,227668,6126763100,2747017989800,103271353
2022/10/04,27900,1300,4.89,27150,28150,26750,243976,6731640750,2881270748700,103271353
2022/10/05,27450,-450,-1.61,28000,28250,27300,192110,5324051500,2834798639850,103271353
2022/10/06,27700,250,0.91,27500,28200,27350,239809,6682419600,2860616478100,103271353
2022/10/07,26950,-750,-2.71,27550,28050,26750,797445,21780067800,2783162963350,103271353
2022/10/11,26450,-500,-1.86,26700,27000,26050,214212,5656234900,2731527286850,103271353
2022/10/12,26450,0,0.00,26200,26950,26200,392765,10418714100,2731527286850,103271353
2022/10/13,25150,-1300,-4.91,26450,26700,25050,399334,10160533000,2597274527950,103271353
2022/10/14,27500,2350,9.34,25700,27600,25600,459174,12320349500,2839962207500,103271353
2022/10/17,27050,-450,-1.64,27200,28000,26450,292741,7992898650,2793490098650,103271353
2022/10/18,28650,1600,5.91,27550,29250,27550,585647,16713417050,2958724263450,103271353
2022/10/19,28150,-500,-1.75,28800,29000,27950,343253,9750202400,2907088586950,103271353
2022/10/20,28850,700,2.49,27950,29250,27950,550317,15858307850,2979378534050,103271353
2022/10/21,27950,-900,-3.12,28550,28850,27650,252606,7093954850,2886434316350,103271353
2022/10/24,29100,1150,4.11,28600,29600,28550,248860,7245523750,3005196372300,103271353
2022/10/25,28700,-400,-1.37,29300,29300,28650,218139,6319825900,2963887831100,103271353
2022/10/26,28650,-50,-0.17,29200,30000,28500,315510,9238053500,2958724263450,103271353
2022/10/27,28850,200,0.70,28950,29250,28400,163511,4727673650,2979378534050,103271353
2022/10/28,29700,850,2.95,29150,29800,29000,328372,9700443100,3067159184100,103271353
2022/10/31,29550,-150,-0.51,29800,30050,29550,256590,7621812700,3051668481150,103271353
2022/11/01,30150,600,2.03,29700,30200,29200,209483,6246251600,3113631292950,103271353
2022/11/02,30700,550,1.82,30050,31500,29850,327893,10121406950,3170430537100,103271353
2022/11/03,30350,-350,-1.14,30100,31800,29900,429971,13143142750,3134285563550,103271353
2022/11/04,31450,1100,3.62,30350,31550,29650,352390,10855282150,3247884051850,103271353
2022/11/07,32100,650,2.07,31450,32600,31200,365809,11716682400,3315010431300,103271353
2022/11/08,32200,100,0.31,31500,32850,31500,294349,9516539850,3325337566600,103271353
2022/11/09,32700,500,1.55,33000,33850,32400,459235,15245982150,3376973243100,103271353
2022/11/10,32900,200,0.61,32350,33950,32350,405534,13511123850,3397627513700,103271353
2022/11/11,33900,1000,3.04,33850,34250,33400,408055,13810595000,3500898866700,103271353
2022/11/14,34800,900,2.65,34000,35150,33550,426507,14793055200,3593843084400,103271353
2022/11/15,35150,350,1.01,35050,35400,34450,350575,12279914750,3629988057950,103271353
2022/11/16,34150,-1000,-2.84,35650,36050,34100,357661,12455224200,3526716704950,103271353
2022/11/17,34950,800,2.34,33850,35350,33650,312993,10885944900,3609333787350,103271353
2022/11/18,35100,150,0.43,34950,35450,34650,293397,10293335400,3624824490300,103271353
2022/11/21,32500,-2600,-7.41,35000,35100,32350,569039,18737040350,3383817222500,104117453
2022/11/22,33500,1000,3.08,32700,34050,32600,358482,12024666550,3487934675500,104117453
2022/11/23,33000,-500,-1.49,33550,33800,32950,172764,5735548050,3435875949000,104117453
2022/11/24,32600,-400,-1.21,33200,33550,32150,214614,7001261800,3394228967800,104117453
2022/11/25,32650,50,0.15,32850,33400,32450,186318,6114957700,3399434840450,104117453
2022/11/28,32450,-200,-0.61,32700,33100,32050,276086,8996304800,3378611349850,104117453
2022/11/29,32950,500,1.54,32650,33150,32200,181677,5960633100,3430670076350,104117453
2022/11/30,32900,-50,-0.15,32650,32900,32250,351532,11507936150,3425464203700,104117453
2022/12/01,31800,-1100,-3.34,33400,33500,31700,305231,9883739500,3310935005400,104117453
2022/12/02,32000,200,0.63,31500,32350,31000,189542,6047194700,3331758496000,104117453
2022/12/05,33400,1400,4.38,32700,34150,32500,527259,17640205212,3477522930200,104117453
2022/12/06,33000,-400,-1.20,33400,34050,32600,224644,7478602400,3435875949000,104117453
2022/12/07,32650,-350,-1.06,32500,33100,32450,219132,7173174050,3399434840450,104117453
2022/12/08,32800,150,0.46,32900,33150,32450,235074,7707103400,3415052458400,104117453
2022/12/09,32850,50,0.15,32950,33300,32500,186512,6119703600,3420258331050,104117453
2022/12/12,31100,-1750,-5.33,33100,34000,31050,435425,14018243950,3238052788300,104117453
2022/12/13,32450,1350,4.34,31100,33100,30900,439225,14167308500,3378611349850,104117453
2022/12/14,32100,-350,-1.08,32950,34500,31900,575146,18905128550,3342170241300,104117453
2022/12/15,31300,-800,-2.49,32250,32400,31050,272439,8571302600,3258876278900,104117453
2022/12/16,32750,1450,4.63,30800,33250,30600,553500,17889419750,3409846585750,104117453
2022/12/19,33050,300,0.92,32900,33550,32300,217172,7150978350,3441081821650,104117453
2022/12/20,31500,-1550,-4.69,33100,33150,31300,269014,8609222300,3279699769500,104117453
2022/12/21,32250,750,2.38,31750,32750,31300,217833,7028903300,3357787859250,104117453
2022/12/22,32650,400,1.24,31950,32850,31850,262293,8508498600,3399434840450,104117453
2022/12/23,32150,-500,-1.53,32150,32800,31700,238589,7672033300,3347376113950,104117453
2022/12/26,33800,1650,5.13,32400,34350,32350,498879,16746845850,3519169911400,104117453
2022/12/27,32150,-1650,-4.88,34000,34050,32100,582970,19022623300,3347376113950,104117453
2022/12/28,30500,-1650,-5.13,31650,31750,30200,381697,11759908950,3175582316500,104117453
2022/12/29,30150,-350,-1.15,30500,31000,29100,412897,12343764050,3139141207950,104117453
2023/01/02,28600,-1550,-5.14,30150,30750,28600,227025,6665379650,2977759155800,104117453
2023/01/03,27950,-650,-2.27,28650,29300,27400,309261,8653670650,2910082811350,104117453
2023/01/04,29700,1750,6.26,27650,29950,27650,392952,11491157100,3092288354100,104117453
2023/01/05,30350,650,2.19,29900,30850,29700,390440,11874364050,3168034763550,104383353
2023/01/06,30650,300,0.99,29950,30900,29750,198062,6037141650,3199349769450,104383353
2023/01/09,30600,-50,-0.16,30700,31000,30200,219321,6713561950,3194130601800,104383353
2023/01/10,30300,-300,-0.98,30650,30800,30100,249580,7611437950,3162815595900,104383353
2023/01/11,30650,350,1.16,30450,30750,30150,202706,6184114100,3199349769450,104383353
2023/01/12,30700,50,0.16,30750,31100,30650,211531,6521172850,3204568937100,104383353
2023/01/13,30200,-500,-1.63,30700,30950,30200,193634,5901091200,3152377260600,104383353
2023/01/16,30250,50,0.17,30250,30600,29950,126194,3822420350,3157596428250,104383353
2023/01/17,29450,-800,-2.64,30300,30450,29350,209885,6228949600,3074089745850,104383353
2023/01/18,29100,-350,-1.19,29450,29550,28850,164917,4793774350,3037555572300,104383353
2023/01/19,29600,500,1.72,28900,29850,28900,186606,5514848350,3089747248800,104383353
2023/01/20,29100,-500,-1.69,29400,29700,29100,109106,3187954850,3037555572300,104383353
2023/01/25,29200,100,0.34,29150,29500,28950,108683,3175589500,3047993907600,104383353
2023/01/26,29600,400,1.37,29100,29700,28650,187618,5500454150,3089747248800,104383353
2023/01/27,29750,150,0.51,29550,30000,29200,184404,5486658850,3105404751750,104383353
2023/01/30,28900,-850,-2.86,29750,29950,28800,239416,6967661750,3016678901700,104383353
2023/01/31,28600,-300,-1.04,28900,29150,28300,274480,7868998300,2985363895800,104383353
2023/02/01,28900,300,1.05,28400,29150,28250,248479,7138847900,3016678901700,104383353
2023/02/02,29300,400,1.38,28950,29500,28950,198935,5829238750,3058432242900,104383353
2023/02/03,29300,0,0.00,29300,29500,28700,165988,4845901000,3058432242900,104383353
2023/02/06,28900,-400,-1.37,29150,29350,28900,143844,4184753850,3016678901700,104383353
2023/02/07,29100,200,0.69,28850,29700,28800,218579,6401608350,3037555572300,104383353
2023/02/08,29800,700,2.41,29200,30100,29200,270468,8063065200,3110623919400,104383353
2023/02/09,29150,-650,-2.18,29550,29750,29100,178607,5239017000,3042774739950,104383353
2023/02/10,28150,-1000,-3.43,28950,29150,28050,193421,5481118450,2938391386950,104383353
2023/02/13,28100,-50,-0.18,28000,28300,27500,158923,4443457450,2933172219300,104383353
2023/02/14,27950,-150,-0.53,28100,28600,27900,182704,5148824100,2917514716350,104383353
2023/02/15,27700,-250,-0.89,28000,28100,27600,211098,5870119450,2891418878100,104383353
2023/02/16,28650,950,3.43,27750,29050,27700,205878,5905355800,2990583063450,104383353
2023/02/17,28150,-500,-1.75,28200,28750,28150,112445,3188982300,2938391386950,104383353
2023/02/20,28500,350,1.24,28150,28850,27650,120521,3407808800,2974925560500,104383353
2023/02/21,26900,-1600,-5.61,27600,28450,26100,560667,15027676900,2809768295700,104452353
2023/02/22,25800,-1100,-4.09,26500,26800,25600,344857,9000504500,2694870707400,104452353
2023/02/23,25100,-700,-2.71,25850,26100,25100,376049,9590996550,2621754060300,104452353
2023/02/24,24050,-1050,-4.18,25100,25250,23500,754605,18199359050,2512079089650,104452353
2023/02/27,23650,-400,-1.66,24050,24150,23250,274144,6478003850,2470298148450,104452353
2023/02/28,23000,-650,-2.75,23600,24000,22700,583549,13487808600,2402404119000,104452353
2023/03/02,22850,-150,-0.65,23200,23550,22650,434122,9961500400,2386736266050,104452353
2023/03/03,22900,50,0.22,23050,23150,22750,304938,6992433300,2391958883700,104452353
2023/03/06,22400,-500,-2.18,23050,23100,22300,423607,9518192050,2339732707200,104452353
2023/03/07,22850,450,2.01,22400,23450,22350,501581,11524749050,2386736266050,104452353
2023/03/08,22250,-600,-2.63,22750,22800,22150,367362,8190060900,2324064854250,104452353
2023/03/09,21800,-450,-2.02,22350,22500,21700,495658,10883126250,2277061295400,104452353
2023/03/10,21300,-500,-2.29,21800,21800,21000,397821,8441226150,2224835118900,104452353
2023/03/13,21200,-100,-0.47,21200,21700,20750,385297,8164762950,2214389883600,104452353
2023/03/14,20150,-1050,-4.95,21100,21350,20100,515948,10552295850,2104714912950,104452353
2023/03/15,20200,50,0.25,20550,20800,20000,396869,8050055600,2109937530600,104452353
2023/03/16,20550,350,1.73,19990,21000,19700,491045,10006970470,2146495854150,104452353
2023/03/17,21400,850,4.14,20850,21700,20600,529303,11275443450,2235280354200,104452353
2023/03/20,21200,-200,-0.93,21550,21750,21100,186664,3977258050,2214389883600,104452353
2023/03/21,21400,200,0.94,21400,21450,20950,320146,6821577500,2235280354200,104452353
2023/03/22,21600,200,0.93,21500,21750,21150,372423,7998590950,2256170824800,104452353
2023/03/23,21150,-450,-2.08,21400,21600,21100,317739,6747124350,2209167265950,104452353
2023/03/24,21200,50,0.24,21050,21400,20650,321536,6771380200,2214389883600,104452353
2023/03/27,21350,150,0.71,21250,21700,20650,288070,6115259600,2230057736550,104452353
2023/03/28,21200,-150,-0.70,21550,21850,21150,199678,4274528100,2214389883600,104452353
2023/03/29,21000,-200,-0.94,21350,21400,20800,133661,2810553350,2193499413000,104452353
2023/03/30,20900,-100,-0.48,20850,21700,20650,229982,4834411600,2183054177700,104452353
2023/03/31,21100,200,0.96,20950,21250,20800,208468,4383049450,2203944648300,104452353
2023/04/03,20400,-700,-3.32,21000,21200,20350,238179,4919850200,2130828001200,104452353
2023/04/04,21350,950,4.66,20500,21750,20450,448835,9568025800,2230057736550,104452353
2023/04/05,22000,650,3.04,21600,22100,21350,402889,8804138700,2297951766000,104452353
2023/04/06,21400,-600,-2.73,22100,22200,21350,299320,6505654800,2235280354200,104452353
2023/04/07,21550,150,0.70,21600,21800,21050,181399,3892745750,2250948207150,104452353
2023/04/10,20650,-900,-4.18,21450,21550,20450,355273,7362950100,2156941089450,104452353
2023/04/11,20400,-250,-1.21,20450,20750,20150,356620,7296043500,2130828001200,104452353
2023/04/12,21900,1500,7.35,20500,21950,20250,526198,11202165600,2287506530700,104452353
2023/04/13,21700,-200,-0.91,21850,21950,21000,439866,9478536950,2266616060100,104452353
2023/04/14,22500,800,3.69,22050,22950,21900,463111,10428962600,2350177942500,104452353
2023/04/17,21700,-800,-3.56,22500,22600,21600,364286,7951378150,2266616060100,104452353
2023/04/18,21800,100,0.46,21800,22150,21500,317552,6935795550,2277061295400,104452353
2023/04/19,21150,-650,-2.98,21850,21900,21100,332217,7070378650,2209167265950,104452353
2023/04/20,23250,2100,9.93,21250,25450,21100,3094635,72669390050,2428517207250,104452353
2023/04/21,21650,-1600,-6.88,22900,23050,21650,792335,17436500400,2261393442450,104452353
2023/04/24,21250,-400,-1.85,21850,21850,20900,479623,10162761400,2219612501250,104452353
2023/04/25,20400,-850,-4.00,21050,21450,20400,377173,7826862450,2130828001200,104452353
2023/04/26,22000,1600,7.84,20500,22350,20200,833646,18039254250,2297951766000,104452353
2023/04/27,20650,-1350,-6.14,22100,22150,20550,636886,13301719850,2156941089450,104452353
2023/04/28,20800,150,0.73,20250,21300,20100,540296,11224354150,2172608942400,104452353
2023/05/02,21100,300,1.44,20650,21250,20650,228072,4802493600,2203944648300,104452353
2023/05/03,20800,-300,-1.42,21050,21600,20700,252655,5309822000,2172608942400,104452353
2023/05/04,21800,1000,4.81,20800,22100,20750,499823,10828178700,2277061295400,104452353
2023/05/08,21450,-350,-1.61,21200,21700,21000,387448,8300691350,2240502971850,104452353
2023/05/09,21300,-150,-0.70,21450,22000,21150,249779,5382251650,2224835118900,104452353
2023/05/10,20800,-500,-2.35,21550,21550,20750,203134,4268345400,2172608942400,104452353
2023/05/11,20200,-600,-2.88,20900,21000,20100,411111,8381152950,2109937530600,104452353
2023/05/12,19730,-470,-2.33,20100,20100,19200,598390,11733957490,2060844924690,104452353
2023/05/15,18910,-820,-4.16,19600,19600,18900,338591,6473491070,1975193995230,104452353
2023/05/16,18400,-510,-2.70,18790,19050,18340,487837,9078000750,1921923295200,104452353
2023/05/17,17880,-520,-2.83,18200,18290,17800,595537,10681708860,1867608071640,104452353
2023/05/18,18090,210,1.17,17930,18150,17920,332376,5996500410,1889543065770,104452353
2023/05/19,17620,-470,-2.60,18100,18110,17620,463478,8253404790,1840450459860,104452353
2023/05/22,17510,-110,-0.62,17620,17700,17210,626681,10888594650,1828960701030,104452353
2023/05/23,17830,320,1.83,17510,18050,17260,800327,14132272460,1862385453990,104452353
2023/05/24,17610,-220,-1.23,18230,19080,17610,1317948,24009035470,1839405936330,104452353
2023/05/25,17180,-430,-2.44,17610,17830,17180,514145,8947711930,1794491424540,104452353
2023/05/26,16810,-370,-2.15,17180,17220,16770,502882,8496525590,1755844053930,104452353
2023/05/30,16620,-190,-1.13,16850,16990,16490,344915,5739851480,1735998106860,104452353
2023/05/31,16930,310,1.87,16450,17320,16450,4736577,80267553860,1768378336290,104452353
2023/06/01,17400,470,2.78,16930,17760,16930,737724,12901738870,1817470942200,104452353
2023/06/02,16700,-700,-4.02,17400,17410,16670,556725,9394360640,1744354295100,104452353
2023/06/05,16710,10,0.06,16710,16770,16460,400525,6658403060,1745398818630,104452353
2023/06/07,16420,-290,-1.74,16760,16860,16420,447366,7417339080,1715107636260,104452353
2023/06/08,15910,-510,-3.11,16550,16550,15870,715840,11456303360,1661836936230,104452353
2023/06/09,15850,-60,-0.38,15820,16080,15810,502647,7987602400,1655569795050,104452353
2023/06/12,15660,-190,-1.20,15850,15870,15610,416606,6538055410,1635723847980,104452353
2023/06/13,15510,-150,-0.96,15670,15950,15460,688016,10729393410,1620055995030,104452353
2023/06/14,15110,-400,-2.58,15310,15370,14910,807198,12215828440,1578275053830,104452353
2023/06/15,14730,-380,-2.51,15060,15210,14610,573593,8493205170,1538583159690,104452353
2023/06/16,14480,-250,-1.70,14860,14890,14370,566667,8252701460,1512470071440,104452353
2023/06/19,14160,-320,-2.21,14470,14500,14120,425141,6052687500,1479045318480,104452353
2023/06/20,14160,0,0.00,14050,14260,14030,397099,5617493240,1479045318480,104452353
2023/06/21,13460,-700,-4.94,14140,14160,13440,870540,11883250800,1405928671380,104452353
2023/06/22,13270,-190,-1.41,13350,13560,13260,468560,6252042900,1386082724310,104452353
2023/06/23,13090,-180,-1.36,13270,13360,13030,310769,4092086660,1367281300770,104452353
2023/06/26,13110,20,0.15,13090,13370,12890,320649,4219894320,1369370347830,104452353
2023/06/27,12940,-170,-1.30,13180,13220,12800,361531,4669898290,1351613447820,104452353
2023/06/28,12760,-180,-1.39,12950,13050,12700,276496,3538973420,1332812024280,104452353
2023/06/29,12380,-380,-2.98,12770,12810,12260,775768,9606617560,1293120130140,104452353
2023/06/30,12230,-150,-1.21,12350,12410,12080,444037,5430254120,1277452277190,104452353
2023/07/03,13090,860,7.03,12360,13690,12360,1263864,16633181390,1367281300770,104452353
2023/07/04,12410,-680,-5.19,13060,13150,12400,505632,6394469830,1296253700730,104452353
2023/07/05,12220,-190,-1.53,12490,12760,12210,361744,4483299610,1276407753660,104452353
2023/07/06,11750,-470,-3.85,12210,12220,11730,643977,7636921520,1227315147750,104452353
2023/07/07,11520,-230,-1.96,11700,11710,11450,430325,4966206470,1203291106560,104452353
2023/07/10,11520,0,0.00,11520,11700,11340,289245,3337176620,1203291106560,104452353
2023/07/11,11610,90,0.78,11520,11650,11380,395429,4551814390,1212691818330,104452353
2023/07/12,11850,240,2.07,11650,11890,11370,389905,4524357300,1237760383050,104452353
2023/07/13,11910,60,0.51,11900,12340,11800,742860,8963007590,1244027524230,104452353
2023/07/14,11860,-50,-0.42,11910,12030,11680,419154,4976341090,1238804906580,104452353
2023/07/17,11800,-60,-0.51,11960,11980,11440,551935,6442697250,1232537765400,104452353
2023/07/18,11580,-220,-1.86,11800,12360,11550,707349,8402829950,1209558247740,104452353
2023/07/19,11980,400,3.45,11650,12300,11390,848714,10073442960,1251339188940,104452353
2023/07/20,11970,-10,-0.08,12100,12670,11780,982265,11949317750,1250294665410,104452353
2023/07/21,11750,-220,-1.84,11940,12340,11560,2178020,25871678410,1227315147750,104452353
2023/07/24,11510,-240,-2.04,11810,11810,11470,695518,8056638000,1202246583030,104452353
2023/07/25,11540,30,0.26,11510,11660,11390,674551,7758583360,1205380153620,104452353
2023/07/26,11090,-450,-3.90,11510,11600,10990,1517356,17151469250,1158376594770,104452353
2023/07/27,12430,1340,12.08,11200,13220,11190,3999065,50796883180,1298342747790,104452353
2023/07/28,11160,-1270,-10.22,12160,12290,11160,2296982,26321469780,1165688259480,104452353
2023/07/31,12950,1790,16.04,11450,13370,11400,4680296,58107071750,1352657971350,104452353
2023/08/01,12600,-350,-2.70,12840,13100,12330,1655548,21072132930,1316099647800,104452353
2023/08/02,12470,-130,-1.03,12740,13500,12240,2604475,33470274620,1302520841910,104452353
2023/08/03,15240,2770,22.21,12460,16210,12460,17595004,268770237630,1591853859720,104452353
2023/08/04,14410,-830,-5.45,16050,16100,13810,6648197,96721751160,1505158406730,104452353
2023/08/07,13920,-490,-3.40,14700,15230,13760,4460346,64070925740,1453976753760,104452353
2023/08/08,12540,-1380,-9.91,13750,13760,12450,3610602,46735222980,1309832506620,104452353
2023/08/09,12780,240,1.91,12590,13040,12220,2657861,33885933330,1334901071340,104452353
2023/08/10,13090,310,2.43,12550,13340,12550,2696100,35166916830,1367281300770,104452353
2023/08/11,12560,-530,-4.05,12960,13090,12560,1486285,19005533330,1563121553680,124452353
2023/08/14,12080,-480,-3.82,12430,12600,12010,1272020,15542487960,1503384424240,124452353
2023/08/16,11700,-380,-3.15,11900,12110,11670,957262,11332095830,1456092530100,124452353
2023/08/17,11710,10,0.09,11720,12090,11610,1061242,12538841980,1457337053630,124452353
2023/08/18,11600,-110,-0.94,11800,12090,11510,1042446,12231876050,1443647294800,124452353
2023/08/21,12320,720,6.21,11830,12610,11820,1856389,22860943230,1533252988960,124452353
2023/08/22,12350,30,0.24,12330,12670,12030,1069029,13229242240,1536986559550,124452353
2023/08/23,11240,-1110,-8.99,12800,13000,11220,3085673,36376837600,1398844447720,124452353
2023/08/24,10710,-530,-4.72,11260,11260,10650,1679371,18208601640,1332884700630,124452353
2023/08/25,11000,290,2.71,10560,11140,10560,1563878,17054445220,1368975883000,124452353
2023/08/28,11440,440,4.00,11040,11440,11040,685955,7740717300,1423734918320,124452353
2023/08/29,12350,910,7.95,11370,12440,11310,1804276,21663007760,1536986559550,124452353
2023/08/30,12480,130,1.05,12280,12550,12170,889033,10994486600,1553165365440,124452353
2023/08/31,12510,30,0.24,12440,12940,12430,1122804,14214606730,1556898936030,124452353
2023/09/01,12150,-360,-2.88,12510,12840,12110,551991,6839166360,1512096088950,124452353
2023/09/04,12890,740,6.09,12340,13130,12330,1125679,14395785970,1604190830170,124452353
2023/09/05,12890,0,0.00,12790,13020,12500,451839,5798210170,1604190830170,124452353
2023/09/06,12940,50,0.39,12810,13410,12620,1091947,14186449870,1610413447820,124452353
2023/09/07,12340,-600,-4.64,12820,13020,12340,669898,8412229930,1535742036020,124452353
2023/09/08,12790,450,3.65,12340,12830,12340,550778,6949167620,1591745594870,124452353
2023/09/11,13170,380,2.97,12750,13290,12750,910297,11949438810,1639037489010,124452353
2023/09/12,12710,-460,-3.49,13210,13270,12670,661802,8572709890,1581789406630,124452353
2023/09/13,12620,-90,-0.71,12650,12770,12410,497099,6257348670,1570588694860,124452353
2023/09/14,12350,-270,-2.14,12630,12830,12300,738389,9200865230,1536986559550,124452353
2023/09/15,12490,140,1.13,12390,12630,12330,514639,6433749930,1554409888970,124452353
2023/09/18,12640,150,1.20,12490,12780,12350,351122,4423277800,1573077741920,124452353
2023/09/19,12260,-380,-3.01,12650,12680,12260,372858,4624006220,1525785847780,124452353
2023/09/20,11850,-410,-3.34,12230,12250,11610,684798,8083729100,1474760383050,124452353
2023/09/21,11550,-300,-2.53,11830,11940,11520,378311,4405397340,1437424677150,124452353
2023/09/22,11390,-160,-1.39,11420,11780,11330,476127,5488044710,1417797050670,124477353
2023/09/25,11190,-200,-1.76,11380,11510,11140,284776,3207642240,1392901580070,124477353
2023/09/26,10970,-220,-1.97,11140,11260,10920,469649,5187187610,1365516562410,124477353
2023/09/27,11370,400,3.65,10970,11410,10900,514994,5787016750,1415307503610,124477353
2023/10/04,10680,-690,-6.07,11300,11360,10650,502121,5462813100,1329418130040,124477353
2023/10/05,10150,-530,-4.96,10730,10890,10120,710299,7413745830,1263445132950,124477353
2023/10/06,10330,180,1.77,10060,10550,10060,328047,3394182430,1285851056490,124477353
2023/10/10,9820,-510,-4.94,10370,10400,9820,586912,5886946350,1222367606460,124477353
2023/10/11,10280,460,4.68,9980,10320,9980,364311,3707109090,1279627188840,124477353
2023/10/12,10530,250,2.43,10300,10730,10290,347336,3642119200,1310746527090,124477353
2023/10/13,10500,-30,-0.28,10390,10570,10290,379179,3967595480,1307012206500,124477353
2023/10/16,10650,150,1.43,10520,10650,10240,332003,3479160600,1325683809450,124477353
2023/10/17,10600,-50,-0.47,10800,11150,10560,297369,3226387900,1319459941800,124477353
2023/10/18,10500,-100,-0.94,10720,10770,10400,565920,5941484730,1307012206500,124477353
2023/10/19,10390,-110,-1.05,10410,10460,10220,242849,2513907000,1293319697670,124477353
2023/10/20,10020,-370,-3.56,10340,10410,9950,284845,2880803550,1247263077060,124477353
2023/10/23,10150,130,1.30,9930,10400,9930,197623,2020028040,1263445132950,124477353
2023/10/24,10280,130,1.28,10170,10300,9870,220969,2221169580,1279627188840,124477353
2023/10/25,10310,30,0.29,10270,10420,10100,202518,2077003180,1283361509430,124477353
2023/10/26,9820,-490,-4.75,10100,10130,9800,406661,4025599520,1222367606460,124477353
2023/10/27,9690,-130,-1.32,9900,9970,9640,283074,2770025550,1206185550570,124477353
2023/10/30,9810,120,1.24,9640,9930,9630,200570,1970637530,1221122832930,124477353
2023/10/31,9640,-170,-1.73,9880,10060,9570,331463,3251222880,1199961682920,124477353
2023/11/01,9800,160,1.66,9690,10070,9690,224449,2217423970,1219878059400,124477353
2023/11/02,10110,310,3.16,9930,10170,9900,266197,2679934000,1258466038830,124477353
2023/11/03,10280,170,1.68,10210,10350,10160,195096,2003398830,1279627188840,124477353
2023/11/06,11140,860,8.37,10550,11140,10530,562890,6153571220,1386677712420,124477353
2023/11/07,11230,90,0.81,11100,11430,10870,545323,6127765010,1397880674190,124477353
2023/11/08,11650,420,3.74,11210,11730,11200,474417,5463992220,1450161162450,124477353
2023/11/09,11370,-280,-2.40,11570,11700,11290,268464,3069681510,1415307503610,124477353
2023/11/10,11150,-220,-1.93,11260,11420,11120,135533,1520047510,1387922485950,124477353
2023/11/13,11000,-150,-1.35,11270,11370,10970,173820,1927849530,1369250883000,124477353
2023/11/14,11030,30,0.27,11000,11360,10970,235204,2613552380,1372985203590,124477353
2023/11/15,11500,470,4.26,11280,11500,11270,274197,3126948520,1431489559500,124477353
2023/11/16,11150,-350,-3.04,11520,11560,11100,271835,3060550000,1387922485950,124477353
2023/11/17,10860,-290,-2.60,11160,11180,10770,199710,2179566290,1351824053580,124477353
2023/11/20,10900,40,0.37,10900,11120,10830,192127,2112695880,1356803147700,124477353
2023/11/21,10920,20,0.18,11030,11090,10860,204156,2242389170,1359292694760,124477353
2023/11/22,10900,-20,-0.18,10980,11100,10800,166182,1810889860,1356803147700,124477353
2023/11/23,10950,50,0.46,10910,11090,10840,190677,2094554070,1363027015350,124477353
2023/11/24,11320,370,3.38,10960,11500,10960,258102,2915614920,1409083635960,124477353
2023/11/27,11700,380,3.36,11400,11830,11370,480154,5590605060,1456385030100,124477353
2023/11/28,11800,100,0.85,11760,11910,11620,289238,3401642970,1468832765400,124477353
2023/11/29,11550,-250,-2.12,11800,11800,11410,235058,2713804240,1437713427150,124477353
2023/11/30,11360,-190,-1.65,11530,11630,11350,299753,3420268970,1414062730080,124477353
2023/12/01,12050,690,6.07,11500,12260,11390,920978,11015422150,1499952103650,124477353
2023/12/04,12000,-50,-0.41,12010,12340,11880,400458,4831743940,1493728236000,124477353
2023/12/05,13250,1250,10.42,12060,13500,12000,2407355,31035706530,1649324927250,124477353
2023/12/06,12910,-340,-2.57,13250,13250,12800,840485,10937130510,1607002627230,124477353
2023/12/07,12980,70,0.54,13050,13600,12630,1116607,14655120960,1615716041940,124477353
2023/12/08,13270,290,2.23,13000,13270,12690,647040,8414314190,1651814474310,124477353
2023/12/11,12670,-600,-4.52,13310,13400,12670,694831,9001340350,1577128062510,124477353
2023/12/12,12250,-420,-3.31,12570,12620,12150,500160,6162506250,1524847574250,124477353
2023/12/13,11830,-420,-3.43,12280,12370,11790,406482,4874560850,1472567085990,124477353
2023/12/14,12170,340,2.87,11980,12310,11890,508565,6174604950,1514889386010,124477353
2023/12/15,11820,-350,-2.88,12230,12330,11820,588042,7043079210,1471322312460,124477353
2023/12/18,11310,-510,-4.31,11840,11900,11300,536774,6162600840,1407838862430,124477353
2023/12/19,11290,-20,-0.18,11300,11470,11240,344204,3899838940,1405349315370,124477353
2023/12/20,11430,140,1.24,11360,11550,11300,214563,2457806130,1422776144790,124477353
2023/12/21,11230,-200,-1.75,11480,11490,11150,243346,2750510390,1397880674190,124477353
2023/12/22,11410,180,1.60,11320,11410,11220,167709,1898675410,1420286597730,124477353
2023/12/26,11400,-10,-0.09,11500,11710,11330,295221,3390697930,1419041824200,124477353
2023/12/27,11290,-110,-0.96,11350,11380,11130,176366,1985691060,1405349315370,124477353
2023/12/28,11440,150,1.33,11350,11580,11200,218044,2490561470,1424020918320,124477353
2024/01/02,11510,70,0.61,11440,11640,11300,222156,2554126170,1432734333030,124477353
2024/01/03,11680,170,1.48,11500,11900,11480,314857,3697732480,1453895483040,124477353
2024/01/04,11380,-300,-2.57,11740,11740,11370,170214,1951295210,1416552277140,124477353
2024/01/05,11540,160,1.41,11410,11780,11380,226489,2626694700,1436468653620,124477353
2024/01/08,11400,-140,-1.21,11530,11580,11400,127004,1455998220,1419041824200,124477353
2024/01/09,12000,600,5.26,11500,12140,11400,441554,5246439570,1493728236000,124477353
2024/01/10,11880,-120,-1.00,12030,12030,11810,142628,1695268690,1478790953640,124477353
2024/01/11,11960,80,0.67,11940,12090,11740,270571,3236300560,1488749141880,124477353
2024/01/12,11650,-310,-2.59,11960,12020,11610,198716,2334604460,1450161162450,124477353
2024/01/15,11470,-180,-1.55,11640,11900,11430,193614,2248646320,1427755238910,124477353
2024/01/16,11220,-250,-2.18,11290,11650,11220,165384,1880564880,1396635900660,124477353
2024/01/17,10700,-520,-4.63,11200,11220,10700,390182,4232429780,1331907677100,124477353
2024/01/18,10450,-250,-2.34,10700,10860,10450,208673,2218205140,1300788338850,124477353
2024/01/19,10380,-70,-0.67,10500,10700,10340,194212,2033747330,1292074924140,124477353
2024/01/22,10510,130,1.25,10460,10780,10400,197155,2089149350,1308256980030,124477353
2024/01/23,10850,340,3.24,10510,10910,10450,166656,1793538490,1350579280050,124477353
